time,omega,theta,control,error,reference
0.000000,0.000000,0.000000,12.000000,10.000000,10.000000
0.010000,0.239676,0.001079,12.000000,9.760324,10.000000
0.020000,0.478634,0.004552,12.000000,9.521366,10.000000
0.030000,0.716877,0.010411,12.000000,9.283123,10.000000
0.040000,0.954405,0.018649,12.000000,9.045595,10.000000
0.050000,1.191222,0.029259,12.000000,8.808778,10.000000
0.060000,1.427330,0.042235,12.000000,8.572670,10.000000
0.070000,1.662730,0.057568,12.000000,8.337270,10.000000
0.080000,1.897424,0.075252,12.000000,8.102576,10.000000
0.090000,2.131416,0.095280,12.000000,7.868584,10.000000
0.100000,2.364707,0.117644,12.000000,7.635293,10.000000
0.110000,2.597298,0.142338,12.000000,7.402702,10.000000
0.120000,2.829193,0.169356,12.000000,7.170807,10.000000
0.130000,3.060393,0.198688,12.000000,6.939607,10.000000
0.140000,3.290901,0.230330,12.000000,6.709099,10.000000
0.150000,3.520718,0.264274,12.000000,6.479282,10.000000
0.160000,3.749846,0.300513,12.000000,6.250154,10.000000
0.170000,3.978288,0.339040,12.000000,6.021712,10.000000
0.180000,4.206046,0.379848,12.000000,5.793954,10.000000
0.190000,4.433121,0.422931,12.000000,5.566879,10.000000
0.200000,4.659516,0.468282,12.000000,5.340484,10.000000
0.210000,4.885232,0.515893,12.000000,5.114768,10.000000
0.220000,5.110272,0.565759,12.000000,4.889728,10.000000
0.230000,5.334639,0.617872,12.000000,4.665361,10.000000
0.240000,5.558332,0.672225,12.000000,4.441668,10.000000
0.250000,5.781356,0.728813,12.000000,4.218644,10.000000
0.260000,6.003712,0.787627,12.000000,3.996288,10.000000
0.270000,6.225401,0.848663,12.000000,3.774599,10.000000
0.280000,6.446426,0.911912,12.000000,3.553574,10.000000
0.290000,6.666790,0.977368,12.000000,3.333210,10.000000
0.300000,6.886492,1.045025,12.000000,3.113508,10.000000
0.310000,7.105537,1.114876,12.000000,2.894463,10.000000
0.320000,7.323925,1.186915,12.000000,2.676075,10.000000
0.330000,7.541660,1.261135,12.000000,2.458340,10.000000
0.340000,7.758741,1.337529,12.000000,2.241259,10.000000
0.350000,7.975173,1.416091,12.000000,2.024827,10.000000
0.360000,8.190956,1.496814,12.000000,1.809044,10.000000
0.370000,8.406092,1.579692,12.000000,1.593908,10.000000
0.380000,8.615634,1.664712,11.072282,1.384366,10.000000
0.390000,8.798746,1.751714,9.749262,1.201254,10.000000
0.400000,8.956579,1.840431,8.609683,1.043421,10.000000
0.410000,9.092639,1.930626,7.628105,0.907361,10.000000
0.420000,9.209942,2.022095,6.782612,0.790058,10.000000
0.430000,9.311091,2.114662,6.054330,0.688909,10.000000
0.440000,9.398323,2.208176,5.427003,0.601677,10.000000
0.450000,9.473567,2.302507,4.886629,0.526433,10.000000
0.460000,9.538485,2.397542,4.421147,0.461515,10.000000
0.470000,9.594508,2.493186,4.020172,0.405492,10.000000
0.480000,9.642867,2.589355,3.674757,0.357133,10.000000
0.490000,9.684624,2.685976,3.377195,0.315376,10.000000
0.500000,9.720694,2.782989,3.120851,0.279306,10.000000
0.510000,9.751864,2.880340,2.900009,0.248136,10.000000
0.520000,9.778812,2.977983,2.709745,0.221188,10.000000
0.530000,9.802123,3.075879,2.545817,0.197877,10.000000
0.540000,9.822299,3.173994,2.404576,0.177701,10.000000
0.550000,9.839774,3.272297,2.282873,0.160226,10.000000
0.560000,9.854922,3.370765,2.178000,0.145078,10.000000
0.570000,9.868063,3.469375,2.087624,0.131937,10.000000
0.580000,9.879475,3.568108,2.009733,0.120525,10.000000
0.590000,9.889397,3.666949,1.942598,0.110603,10.000000
0.600000,9.898034,3.765883,1.884727,0.101966,10.000000
0.610000,9.905563,3.864898,1.834835,0.094437,10.000000
0.620000,9.912136,3.963984,1.791817,0.087864,10.000000
0.630000,9.917885,4.063131,1.754720,0.082115,10.000000
0.640000,9.922923,4.162334,1.722723,0.077077,10.000000
0.650000,9.927348,4.261583,1.695119,0.072652,10.000000
0.660000,9.931242,4.360875,1.671300,0.068758,10.000000
0.670000,9.934680,4.460203,1.650741,0.065320,10.000000
0.680000,9.937722,4.559564,1.632990,0.062278,10.000000
0.690000,9.940424,4.658953,1.617659,0.059576,10.000000
0.700000,9.942830,4.758369,1.604413,0.057170,10.000000
0.710000,9.944981,4.857807,1.592963,0.055019,10.000000
0.720000,9.946911,4.957265,1.583061,0.053089,10.000000
0.730000,9.948650,5.056742,1.574492,0.051350,10.000000
0.740000,9.950223,5.156236,1.567071,0.049777,10.000000
0.750000,9.951653,5.255745,1.560641,0.048347,10.000000
0.760000,9.952957,5.355267,1.555064,0.047043,10.000000
0.770000,9.954153,5.454802,1.550223,0.045847,10.000000
0.780000,9.955255,5.554349,1.546016,0.044745,10.000000
0.790000,9.956274,5.653906,1.542355,0.043726,10.000000
0.800000,9.957222,5.753473,1.539166,0.042778,10.000000
0.810000,9.958107,5.853049,1.536383,0.041893,10.000000
0.820000,9.958936,5.952634,1.533950,0.041064,10.000000
0.830000,9.959718,6.052227,1.531820,0.040282,10.000000
0.840000,9.960457,6.151828,1.529950,0.039543,10.000000
0.850000,9.961158,6.251436,1.528306,0.038842,10.000000
0.860000,9.961827,6.351050,1.526856,0.038173,10.000000
0.870000,9.962466,6.450671,1.525574,0.037534,10.000000
0.880000,9.963079,6.550299,1.524437,0.036921,10.000000
0.890000,9.963668,6.649932,1.523426,0.036332,10.000000
0.900000,9.964236,6.749571,1.522523,0.035764,10.000000
0.910000,9.964786,6.849216,1.521713,0.035214,10.000000
0.920000,9.965318,6.948867,1.520985,0.034682,10.000000
0.930000,9.965835,7.048522,1.520327,0.034165,10.000000
0.940000,9.966338,7.148183,1.519731,0.033662,10.000000
0.950000,9.966828,7.247848,1.519187,0.033172,10.000000
0.960000,9.967306,7.347519,1.518689,0.032694,10.000000
0.970000,9.967773,7.447194,1.518231,0.032227,10.000000
0.980000,9.968230,7.546874,1.517808,0.031770,10.000000
0.990000,9.968678,7.646558,1.517416,0.031322,10.000000
